{"overall": {"count": {"Nref": 723.0, "Nsys": 267.0}, "f_measure": {"f_measure": 0.496969696969697, "precision": 0.9213483146067416, "recall": 0.34024896265560167}, "eer": {"eer": null}}, "class_wise": {"1": {"count": {"Nref": 223.0, "Nsys": 63.0, "Ntp": 58.0, "Ntn": 215.0, "Nfp": 5.0, "Nfn": 165.0}, "eer": {"eer": null}, "f_measure": {"f_measure": 0.40559440559440557, "precision": 0.9206349206349206, "recall": 0.2600896860986547}}, "2": {"count": {"Nref": 88.0, "Nsys": 10.0, "Ntp": 5.0, "Ntn": 350.0, "Nfp": 5.0, "Nfn": 83.0}, "eer": {"eer": null}, "f_measure": {"f_measure": 0.10204081632653061, "precision": 0.5, "recall": 0.056818181818181816}}, "3": {"count": {"Nref": 73.0, "Nsys": 0.0, "Ntp": 0.0, "Ntn": 370.0, "Nfp": 0.0, "Nfn": 73.0}, "eer": {"eer": null}, "f_measure": {"f_measure": NaN, "precision": NaN, "recall": 0.0}}, "4": {"count": {"Nref": 23.0, "Nsys": 9.0, "Ntp": 6.0, "Ntn": 417.0, "Nfp": 3.0, "Nfn": 17.0}, "eer": {"eer": null}, "f_measure": {"f_measure": 0.37500000000000006, "precision": 0.6666666666666666, "recall": 0.2608695652173913}}, "5": {"count": {"Nref": 86.0, "Nsys": 28.0, "Ntp": 28.0, "Ntn": 357.0, "Nfp": 0.0, "Nfn": 58.0}, "eer": {"eer": null}, "f_measure": {"f_measure": 0.49122807017543857, "precision": 1.0, "recall": 0.32558139534883723}}, "6": {"count": {"Nref": 25.0, "Nsys": 0.0, "Ntp": 0.0, "Ntn": 418.0, "Nfp": 0.0, "Nfn": 25.0}, "eer": {"eer": null}, "f_measure": {"f_measure": NaN, "precision": NaN, "recall": 0.0}}, "7": {"count": {"Nref": 199.0, "Nsys": 157.0, "Ntp": 149.0, "Ntn": 236.0, "Nfp": 8.0, "Nfn": 50.0}, "eer": {"eer": null}, "f_measure": {"f_measure": 0.8370786516853933, "precision": 0.9490445859872612, "recall": 0.7487437185929648}}, "8": {"count": {"Nref": 6.0, "Nsys": 0.0, "Ntp": 0.0, "Ntn": 437.0, "Nfp": 0.0, "Nfn": 6.0}, "eer": {"eer": null}, "f_measure": {"f_measure": NaN, "precision": NaN, "recall": 0.0}}, "audio_filename": {"count": {"Nref": 0.0, "Nsys": 0.0, "Ntp": 0.0, "Ntn": 443.0, "Nfp": 0.0, "Nfn": 0.0}, "eer": {"eer": null}, "f_measure": {"f_measure": null, "precision": null, "recall": null}}}, "class_wise_average": {"eer": {"eer": null}, "f_measure": {"f_measure": 0.4421883887563537, "precision": 0.8072692346577697, "recall": 0.20651281838450375}}}